{"val/loss":2.7878000114275063,"_step":29,"train/f1":0.9516466880506048,"train/loss":0.17109217859156753,"_wandb":{"runtime":3903},"_timestamp":1.775741623205184e+09,"lr":0.000125,"val/f1":0.3808170550314125,"_runtime":3903,"epoch":30}