{"val/dice":0.7384369548248209,"lr":1.25e-05,"_timestamp":1.7757692653701577e+09,"val/loss":0.4436372997968093,"_wandb":{"runtime":4805},"train/loss":0.40579249956169905,"epoch":30,"_step":29,"_runtime":4805}